Video_Title,YayÄ±ncÄ±_KullanÄ±cÄ±_AdÄ±,Video_YayÄ±n_Tarihi,Video_Like_SayÄ±sÄ±,Video_Dislike_SayÄ±sÄ±,Yorum_Metni,Yorum_Tarihi,Yorum_Kullanici_Adi,Yorum_Like_Sayisi,Yorum_Dislike_Sayisi,Yorum_Reply_Sayisi,Duygu_Durumu
ChatGPT Her Åeyi NasÄ±l Bilebiliyor?,Evrim AÄŸacÄ±,2024-07-28,28655,0," Honor 200 Pro ile tanÄ±ÅŸÄ±n: https://tem.ag/evrimagaci-honor200pro
 Bu videoda anlattÄ±klarÄ±mÄ±z, 3Blue1Brown kanalÄ±ndan Grant Sanderson'Ä±n hazÄ±rladÄ±ÄŸÄ± 6 videoluk ""NÃ¶ral AÄŸlar"" video listesinin bir Ã¶zeti gibi. Ä°ÅŸi daha da derinlemesine kavramak ve bu videoda girmediÄŸimiz nÃ¶ral aÄŸ matematiÄŸini de Ã¶ÄŸrenmek iÃ§in bu listeyi baÅŸtan sona izleyin deriz: https://www.youtube.com/watch?v=aircAruvnKk&list=PLZHQObOWTQDNU6R1_67000Dx_ZCJB-3pi Ãœzerine Coursera'dan ÅŸu dersi almanÄ±zÄ± tavsiye ederiz: https://www.coursera.org/learn/neural-networks-deep-learning
ğŸ’— Evrim AÄŸacÄ±, okur ve izleyen destekleriyle yola devam ediyor. Bize destek olan bilimseverlere katÄ±lÄ±n: https://evrimagaci.org/youtube",2024-07-27,@evrimagaci,140,none,6,Negatif
ChatGPT Her Åeyi NasÄ±l Bilebiliyor?,Evrim AÄŸacÄ±,2024-07-28,28655,0,"Sizin de chatgbt den eksiginiz yok masallah. Tebrik ederim, cok tesekkÃ¼rler.ğŸ‘ğŸ™",2025-11-29,@incikarakas1059,0,none,0,Negatif
ChatGPT Her Åeyi NasÄ±l Bilebiliyor?,Evrim AÄŸacÄ±,2024-07-28,28655,0,15:30 kumruya yapalÄ±m ÅŸunu,2025-11-28,@FutbolgÃ¼nlÃ¼klerfb,1,none,0,NÃ¶tr
ChatGPT Her Åeyi NasÄ±l Bilebiliyor?,Evrim AÄŸacÄ±,2024-07-28,28655,0,Ã‡agrÄ± sana gerÃ§ekten bÃ¼yÃ¼k saygÄ± duyuyorum ve takdir ediyorum.Ä°nanÄ±lmaz gÃ¼zel bilgileri sade ve net bilgilerle donatÄ±yorsun insanlarÄ±.. harikasÄ±n valla,2025-11-27,@canahmettopkaya6100,0,none,0,Pozitif
ChatGPT Her Åeyi NasÄ±l Bilebiliyor?,Evrim AÄŸacÄ±,2024-07-28,28655,0,â¤,2025-11-25,@ayseparlar7610,0,none,0,NÃ¶tr
ChatGPT Her Åeyi NasÄ±l Bilebiliyor?,Evrim AÄŸacÄ±,2024-07-28,28655,0,Abi 50 yil sonra senin gibi birisini boyle guzel bir sekilde anlatan bilen bir bilge adami veya mÃ¼hendisi bulmamÄ±z Ã§ok zor olucak ona Ã¼zÃ¼lÃ¼yorum...,2025-11-24,@ZeynalYasin-wb1os,0,none,0,Negatif
ChatGPT Her Åeyi NasÄ±l Bilebiliyor?,Evrim AÄŸacÄ±,2024-07-28,28655,0,â¤,2025-11-18,@eminekirimli-e8r,0,none,0,NÃ¶tr
ChatGPT Her Åeyi NasÄ±l Bilebiliyor?,Evrim AÄŸacÄ±,2024-07-28,28655,0,ğŸ¤ğŸ‘ğŸ’ªbaÅŸarÄ±lar !!!,2025-11-17,@mustafakacar3199,0,none,0,NÃ¶tr
ChatGPT Her Åeyi NasÄ±l Bilebiliyor?,Evrim AÄŸacÄ±,2024-07-28,28655,0,ğŸ‘ğŸ’ªbaÅŸarÄ±lar !!!!,2025-11-17,@mustafakacar3199,0,none,0,NÃ¶tr
ChatGPT Her Åeyi NasÄ±l Bilebiliyor?,Evrim AÄŸacÄ±,2024-07-28,28655,0,Sen ne mÃ¼thiÅŸ bir adamsÄ±n maÅŸallah,2025-11-01,@merveeeee6305,0,none,0,Pozitif
ChatGPT Her Åeyi NasÄ±l Bilebiliyor?,Evrim AÄŸacÄ±,2024-07-28,28655,0,Cok gÃ¼zel anlatÄ±yorsunuz. Harika. Ama akademik olarak bazÄ± eksiklikler var. LiteratÃ¼rde bu anlattiginiz gibi deÄŸil.,2025-10-26,@farukbulut5319,1,none,0,Pozitif
ChatGPT Her Åeyi NasÄ±l Bilebiliyor?,Evrim AÄŸacÄ±,2024-07-28,28655,0,Chatgpt reklamÄ± cÌ§Ä±ktÄ±Ä±Ä±,2025-10-26,@Yusuf31931,0,none,0,NÃ¶tr
ChatGPT Her Åeyi NasÄ±l Bilebiliyor?,Evrim AÄŸacÄ±,2024-07-28,28655,0,NÃ¼fus kaÃ§Ä±nÄ±lmaz olarak dÃ¼ÅŸecek. Bence,2025-10-23,@Ulas-g5z,0,none,0,Pozitif
ChatGPT Her Åeyi NasÄ±l Bilebiliyor?,Evrim AÄŸacÄ±,2024-07-28,28655,0,Yerli ve milli yatay zekalar nasÄ±l anlasÄ±n,2025-10-21,@armagtube,0,none,0,NÃ¶tr
ChatGPT Her Åeyi NasÄ±l Bilebiliyor?,Evrim AÄŸacÄ±,2024-07-28,28655,0,19:43 Buradaki ilerleme daha gelmedi mi hocam ? :) sabÄ±rsÄ±zlÄ±kla bekliyoruz... Ä°yi Ã§alÄ±ÅŸmalar,2025-10-19,@huseyinulupinar392,0,none,0,Pozitif
ChatGPT Her Åeyi NasÄ±l Bilebiliyor?,Evrim AÄŸacÄ±,2024-07-28,28655,0,TeÅŸekkÃ¼rler,2025-10-19,@ulkukurutas4507,0,none,0,Pozitif
ChatGPT Her Åeyi NasÄ±l Bilebiliyor?,Evrim AÄŸacÄ±,2024-07-28,28655,0,AbartmayÄ±n goglenin seslisi,2025-10-15,@01emrecokovun,0,none,0,NÃ¶tr
ChatGPT Her Åeyi NasÄ±l Bilebiliyor?,Evrim AÄŸacÄ±,2024-07-28,28655,0,AnlattÄ±ÄŸÄ±n tÃ¼m bilgileri yapay zekadan mÄ± aldÄ±n ğŸ¤£,2025-10-15,@ismailEfendi54,0,none,0,NÃ¶tr
ChatGPT Her Åeyi NasÄ±l Bilebiliyor?,Evrim AÄŸacÄ±,2024-07-28,28655,0,beynim yandÄ± gankiii,2025-10-15,@mehmetsagdic328,0,none,0,NÃ¶tr
ChatGPT Her Åeyi NasÄ±l Bilebiliyor?,Evrim AÄŸacÄ±,2024-07-28,28655,0,benim beyin yandi,2025-10-11,@goksimiratsch5961,0,none,0,Negatif
ChatGPT Her Åeyi NasÄ±l Bilebiliyor?,Evrim AÄŸacÄ±,2024-07-28,28655,0,"Bilim hakkÄ±nda pek bilgim yok kusura bakmayÄ±n  bu aÃ§Ä±klamada sizin yÃ¶nlendirmeniz doÄŸrultusunda yapmÄ±ÅŸ bulundum  yapay zeka benzeri bir durum oluÅŸtu  telefon ile gÃ¶rsel oluÅŸtururken  Ã¶n ve arka kameranÄ±zÄ± kapatÄ±p  arama yapÄ±n aynÄ± aramayÄ± birde aÃ§Ä±kken yapÄ±n  
Yolda yÃ¼rÃ¼rken  birisi hakkÄ±nda dÃ¼ÅŸÃ¼nce  oluÅŸturmak gibi   eÄŸer gÃ¶rdÃ¼ÄŸÃ¼n kiÅŸi sana net ve mimiksiz ÅŸekilde bakÄ±yor olursa  seni dÃ¼ÅŸÃ¼nce kaybÄ±na itmiÅŸ olurdu bilgi net olduÄŸu iÃ§in  eÄŸer gÃ¼lerek bakarken baÅŸka yÃ¶ne bakÄ±yor olsaydÄ±  bilgi parÃ§alar ayrÄ±lmÄ±ÅŸ olurdu    ( varÄ±m O'halde dÃ¼ÅŸÃ¼nÃ¼yorum)",2025-10-09,@Ã‡zxcÄŸbX,0,none,0,Negatif
ChatGPT Her Åeyi NasÄ±l Bilebiliyor?,Evrim AÄŸacÄ±,2024-07-28,28655,0,"blackbox olarak adlandÄ±rÄ±lan olayÄ±n girdi verisinin veri tiplerine gÃ¶re iÅŸlenmesinin bir algoritmik  fonksiyonlar matematiÄŸi ve bunun olasÄ±lÄ±ksal yorumlamasÄ± ile Ã§Ã¶zÃ¼mlenebilir olduÄŸunu dÃ¼ÅŸÃ¼nÃ¼yorum. Bu arada yaptÄ±ÄŸÄ±n iÅŸin Ã¶nemi , deÄŸeri ve anlamÄ±nÄ±n takdir edilesi seviyede olduÄŸunu dÃ¼ÅŸÃ¼nÃ¼yorum iyiki varsÄ±n ve bu iÅŸi yapÄ±yorsun Ã‡aÄŸrÄ± Abi ğŸ‘âœŒğŸ§ ğŸ«€ğŸ’ª",2025-10-07,@Ä°brahimTopacÄ±k-m9q,0,none,0,Negatif
ChatGPT Her Åeyi NasÄ±l Bilebiliyor?,Evrim AÄŸacÄ±,2024-07-28,28655,0,SakÄ±z orucu bozar mÄ± ?,2025-10-05,@ahmetmutlu2622,0,none,1,NÃ¶tr
ChatGPT Her Åeyi NasÄ±l Bilebiliyor?,Evrim AÄŸacÄ±,2024-07-28,28655,0,"ğŸ›‘Evrim AÄŸacÄ±, ara sinir aÄŸlarÄ± ve sonuca ulaÅŸan aÄŸlar, tek bir ÅŸekilde Ã§alÄ±ÅŸÄ±yor. Elektrik maliyeti. Bunu ÅŸÃ¶yle aÃ§Ä±klayÄ±m. Ara aÄŸlar ve sonucu veren aÄŸlar, birer led ampÃ¼l olsun. 1 amperlik birer led ampÃ¼l. Bunlar yanlÄ±ÅŸ cevaba yandÄ±ÄŸÄ± zaman 1 birim elektrik harcamÄ±ÅŸ oluyor. Bu yanlÄ±ÅŸ yanan ledler 3 ya da 4 olduÄŸunda, bir maliyet oluÅŸturuyor. Bilim insanlarÄ± programa bu maliyetleri azaltmasÄ±nÄ± ve elektrik harcamasÄ±nÄ± dÃ¼ÅŸÃ¼rmesini istiyorlar. Yapay zeka bunun Ã¼zerine daha ayrÄ±ntÄ±lÄ± verileri toplamaya baÅŸlÄ±yor. Haliyle her ÅŸey, ama herÅŸey sayÄ±dan ibaret. 1â€™ler ve 0â€™lar.
Yapay zeka ilk Ã§Ä±ktÄ±ÄŸÄ±nda ben onlarÄ± takoz cep telefonlarÄ±na benzetmiÅŸtim. Oysa olmasÄ± gereken ÅŸuanki cep telefonlarÄ±ydÄ±. Peki ÅŸuan nasÄ±l. Neoâ€™nun o meÅŸhur ÅŸlak diye aÃ§Ä±lan cep telefonu dÃ¼zeyinde. 
Peki ben nasÄ±l olmasÄ±nÄ± istiyorum. Ã–rneÄŸin YZ ye bir manzara resmi gÃ¶sterdiÄŸimizde, mesela amazon nehrinden kÃ¼Ã§Ã¼k bir kare. Bunu YZ verilerini tarayÄ±p, cevabÄ± doÄŸru verebiliyor. Oysa tÃ¼m verilere konum bilgisi eklenmesi gerekir diyorum. 1piksellik noktaya bile. Ama bu konu dÃ¼nyasal deÄŸil, yÄ±ldÄ±z konumlarÄ±na bakarak verilmeli. Ã‡Ã¼nkÃ¼ doÄŸru zamana ve konum bilgisine ancak Ã¶yle ulaÅŸÄ±lÄ±r. Ã–rneÄŸin ben Jupiterâ€™e bir drone gÃ¶ndersem ve ayÄ±n resmini Ã§eksem. Buna benim bahsettiÄŸim konum bilgisini yÃ¼klesem. YZ ye sorduÄŸumda doÄŸru cevabÄ± verir mi, veremez mi? GerÃ§ek konum bilgisi olmadan ne YZ ne de insanoÄŸlu Hakikate ulaÅŸamaz. SonuÃ§ daima hatalar ve yalanlarla dolu olur ve bu bizi daima yanÄ±lgÄ±ya gÃ¶tÃ¼rÃ¼r.",2025-10-03,@cesurkaratas8111,0,none,0,Negatif
ChatGPT Her Åeyi NasÄ±l Bilebiliyor?,Evrim AÄŸacÄ±,2024-07-28,28655,0,â¤,2025-10-01,@yunusguney659,0,none,0,NÃ¶tr
ChatGPT Her Åeyi NasÄ±l Bilebiliyor?,Evrim AÄŸacÄ±,2024-07-28,28655,0,"Gpt nerede? Bu bir Ã§ip gibi bir ÅŸey mi? 
Elektirik mi acaba. Yapay zeka gerÃ§ekten nerede? Somut bir ÅŸey mi?",2025-09-27,@SÄ°RÄ°US_YILDIZIM,1,none,0,Negatif
ChatGPT Her Åeyi NasÄ±l Bilebiliyor?,Evrim AÄŸacÄ±,2024-07-28,28655,0,ğŸ™„ğŸ¤”ğŸ¤¨,2025-09-24,@HavvaDaggul-zr7ji,0,none,0,NÃ¶tr
ChatGPT Her Åeyi NasÄ±l Bilebiliyor?,Evrim AÄŸacÄ±,2024-07-28,28655,0,hiÃ§ bir saniyesini atlamadan ve hatta arada bir geri sarÄ±p ''NE DEDÄ° - NE DEDÄ° '' diye tekrar tekrar izlediÄŸim tek  muhteÅŸem insan ...Ã§ok yaÅŸa Evrim abi ...,2025-09-23,@denemedeneme-zo4dk,0,none,0,Pozitif
ChatGPT Her Åeyi NasÄ±l Bilebiliyor?,Evrim AÄŸacÄ±,2024-07-28,28655,0,Adamlar yapmiá¹£ abeğŸ˜…,2025-09-23,@Irmak_nl,0,none,0,Negatif
ChatGPT Her Åeyi NasÄ±l Bilebiliyor?,Evrim AÄŸacÄ±,2024-07-28,28655,0,teÅŸekkÃ¼rler,2025-09-21,@sefa.akkaya,0,none,0,Pozitif
ChatGPT Her Åeyi NasÄ±l Bilebiliyor?,Evrim AÄŸacÄ±,2024-07-28,28655,0,TeÅŸekkÃ¼rler,2025-09-21,@ulkukurutas4507,0,none,0,Pozitif
ChatGPT Her Åeyi NasÄ±l Bilebiliyor?,Evrim AÄŸacÄ±,2024-07-28,28655,0,Ben gogÄ±ldaki ben robot deÄŸilim aÅŸamasÄ±nÄ± geÃ§emiyorum,2025-09-21,@AliYk-qi4un,1,none,0,NÃ¶tr
ChatGPT Her Åeyi NasÄ±l Bilebiliyor?,Evrim AÄŸacÄ±,2024-07-28,28655,0,yapay zekayla ilgili her ÅŸey artÄ±k daha imkansÄ±z gÃ¶zÃ¼kÃ¼yor ğŸ˜…,2025-09-20,@Bthechosenone,0,none,0,Negatif
ChatGPT Her Åeyi NasÄ±l Bilebiliyor?,Evrim AÄŸacÄ±,2024-07-28,28655,0,"""O zaman ne olacak ""?!

-Yapay zeka neden sÃ¼per ?
-KontrolÃ¼ insanda ve iÅŸimize yatadÄ±ÄŸÄ± iÃ§in.

Yapay zeka, yazÄ±lÄ±m mimarisini de kendi yaparsa....?!
Kendi keyfiyet , tercihleri olur.
""Ä°nsan iÃ§in""olmaktan Ã§Ä±kar.
Tehlike de burada.",2025-09-18,@Suela-dk7zu,1,none,0,Negatif
ChatGPT Her Åeyi NasÄ±l Bilebiliyor?,Evrim AÄŸacÄ±,2024-07-28,28655,0,Evrim aÄŸacÄ± sayesinde dahada geliÅŸtim merakÄ±m olsn konularÄ± anladÄ±m,2025-09-17,@NightcupmilaYt,0,none,0,Negatif
ChatGPT Her Åeyi NasÄ±l Bilebiliyor?,Evrim AÄŸacÄ±,2024-07-28,28655,0,O kadar hÄ±zlÄ± anlatÄ±yorsun ki baÅŸÄ±m aÄŸrÄ±yor sesinden. Bir insan aralÄ±ksÄ±z anlatÄ±r mÄ± yahu. Ä°Ã§erik guzel ama yorucu,2025-09-16,@kemalaslan5257,0,none,0,Negatif
ChatGPT Her Åeyi NasÄ±l Bilebiliyor?,Evrim AÄŸacÄ±,2024-07-28,28655,0,Bence bÄ± Ã§ok insandan daha iyi,2025-09-11,@TaylanGul-jo4ub,0,none,0,Pozitif
ChatGPT Her Åeyi NasÄ±l Bilebiliyor?,Evrim AÄŸacÄ±,2024-07-28,28655,0,7:00 arrival izlemiÅŸ olanlar nÃ¶ronlar sanki o filmdeki uzaylÄ±lara benzemiyor mu?,2025-09-11,@melisaorgel3652,0,none,0,Pozitif
ChatGPT Her Åeyi NasÄ±l Bilebiliyor?,Evrim AÄŸacÄ±,2024-07-28,28655,0,Sende olmayan virsey sen anlamazssin,2025-09-11,@BenTennyson_j1c,1,none,0,Negatif
ChatGPT Her Åeyi NasÄ±l Bilebiliyor?,Evrim AÄŸacÄ±,2024-07-28,28655,0,Tanrimi ?,2025-09-09,@Sbldmrl,0,none,0,NÃ¶tr
ChatGPT Her Åeyi NasÄ±l Bilebiliyor?,Evrim AÄŸacÄ±,2024-07-28,28655,0,Toplama ve Ã§Ä±karma iÅŸlemi Ã§arpma ve bÃ¶lme iÅŸlemini Ã§Ã¶pe attÄ±ÄŸÄ±nda teknoloji herÅŸeydirğŸ˜‚ğŸ˜‚ğŸ˜‚.,2025-09-06,@KasÄ±mkayaArslan,0,none,0,NÃ¶tr
ChatGPT Her Åeyi NasÄ±l Bilebiliyor?,Evrim AÄŸacÄ±,2024-07-28,28655,0,"â€œTeknoloji Ã§aÄŸÄ±nda en bÃ¼yÃ¼k risk, yenilikleri gÃ¶rmezden gelmek.â€",2025-09-04,@YatirimGNL,7,none,0,NÃ¶tr
ChatGPT Her Åeyi NasÄ±l Bilebiliyor?,Evrim AÄŸacÄ±,2024-07-28,28655,0,En yakÄ±n arkadaÅŸÄ±m tabiki,2025-09-01,@Samet-o4e9t,0,none,0,NÃ¶tr
ChatGPT Her Åeyi NasÄ±l Bilebiliyor?,Evrim AÄŸacÄ±,2024-07-28,28655,0,Googleden bakÄ±p okuyor iste ya ne zekasÄ±. ..,2025-08-31,@Fseker33,0,none,0,Negatif
ChatGPT Her Åeyi NasÄ±l Bilebiliyor?,Evrim AÄŸacÄ±,2024-07-28,28655,0,float t=tanh(z)    ve 	float t = tanh(z); return 1 - t * t; fonksiyonlarÄ± saÄŸ olsun artÄ±k herkes yapay zeka yazÄ±yor,2025-08-26,@alteration1568,0,none,0,Negatif
ChatGPT Her Åeyi NasÄ±l Bilebiliyor?,Evrim AÄŸacÄ±,2024-07-28,28655,0,sonuna kadar izleyip te hiÃ§ biÅŸey anlamayan sadece benmiyim acaba,2025-08-10,@cankn,0,none,0,Pozitif
ChatGPT Her Åeyi NasÄ±l Bilebiliyor?,Evrim AÄŸacÄ±,2024-07-28,28655,0,"dogal beyni birakip yapay ve sahte birseye yÃ¶nelmek,bana pek dogru gelmiyor. DEMENZ  gibi hastaliklar beyni paramparca yapip yok ediyor ve bunu kurtarma calismalari yapilmiyor ama yapayzeka gibi dogal olmayan seyler piyasay sÃ¼rÃ¼ldÃ¼. Bilime karsi degilim ,ama bu dogalligi bastirip sahteye yÃ¶nelmek ,icime pek sinmiyor",2025-08-06,@VerkinAkz,0,none,0,Negatif
ChatGPT Her Åeyi NasÄ±l Bilebiliyor?,Evrim AÄŸacÄ±,2024-07-28,28655,0,TeÅŸekkÃ¼r ederiz emeÄŸine saÄŸlÄ±k evrim hocam,2025-08-03,@ademdem1930,0,none,0,Pozitif
ChatGPT Her Åeyi NasÄ±l Bilebiliyor?,Evrim AÄŸacÄ±,2024-07-28,28655,0,Bence daha Ã§ok akinatÃ¶rÃ¼ araÅŸtÄ±rÄ±n,2025-07-31,@Cherriesss43,0,none,0,Pozitif
ChatGPT Her Åeyi NasÄ±l Bilebiliyor?,Evrim AÄŸacÄ±,2024-07-28,28655,0,Evrim.agaci siz.bu kadar iyi biliyorsunuz sizde chatgpt uretebilirmisiniz?â¤ğŸ§ ,2025-07-28,@Welli-ne8eo,0,none,0,Pozitif
ChatGPT Her Åeyi NasÄ±l Bilebiliyor?,Evrim AÄŸacÄ±,2024-07-28,28655,0,MÃ¼kemmel bir teknoloji kod yazmaktan kurtarÄ±yor insanÄ± ÅŸunu yapacam diyorsun ÅŸak diye kodu veriyor hafif kusurlu bile olsa onu da Ä±srar edince illa ki dÃ¼zeltiyor senin hatanÄ± hemen sÃ¶ylÃ¼yor yapanlara helal olsun.,2025-07-26,@UMUTSUZUMUT06,0,none,0,Pozitif
ChatGPT Her Åeyi NasÄ±l Bilebiliyor?,Evrim AÄŸacÄ±,2024-07-28,28655,0,Ä°ÅŸte Ã§Ä±ktÄ±ktan sonra unutuldum,2025-07-26,@google-n4c4j,0,none,3,Pozitif
ChatGPT Her Åeyi NasÄ±l Bilebiliyor?,Evrim AÄŸacÄ±,2024-07-28,28655,0,"Milyonlarca kullanÄ±cÄ±sÄ± olan yapay zeka uygulamalarÄ±nda 1 kullanÄ±cÄ±nÄ±n 25 soru sormasÄ±yla, yaklaÅŸÄ±k yarÄ±m litre su tÃ¼ketildiÄŸini sÃ¶yleyen Prof. Dr. ArdalÄ±, ""Yapay zekanÄ±n iklim konusunda kurtarÄ±cÄ± olduÄŸu konuÅŸuluyor. Google'Ä±n ABD'deki veri merkezlerinde 2021 yÄ±lÄ±nda soÄŸutma iÃ§in 12,7 milyar litre tatlÄ± su tÃ¼kettiÄŸi rapor edilmiÅŸ. Yapay zeka uygulamalarÄ±nÄ±n su tÃ¼ketiminin yanÄ± sÄ±ra doÄŸaya karbon salÄ±nÄ±mÄ± da ciddi boyutlarda. Sistem kurgulanÄ±rken ve kullanÄ±lÄ±rken yaklaÅŸÄ±k 240 ton karbondioksit Ã¼rettiÄŸi belirlenmiÅŸ. Bir yeri dÃ¼zeltirken, diÄŸer taraftan da Ã§evresel etkileri dikkate almamÄ±z gerekiyor"" dedi.",2025-07-22,@glsm3269,0,none,0,Negatif
ChatGPT Her Åeyi NasÄ±l Bilebiliyor?,Evrim AÄŸacÄ±,2024-07-28,28655,0,"2021 yÄ±lÄ±nda ABDâ€™deki Google veri merkezlerinin tek baÅŸÄ±na yaklaÅŸÄ±k 12,7 milyar litre su tÃ¼kettiÄŸi tahmin ediliyor. Bu miktar 6,9 milyon BMW marka otomobil ya da 5,7 milyon Tesla marka elektrikli otomobil Ã¼retmek iÃ§in ihtiyaÃ§ duyulan su miktarÄ±yla eÅŸ deÄŸer.

ChatGPT ve benzeri bÃ¼yÃ¼k dil modellerinin eÄŸitilmesini saÄŸlayan veri merkezlerinin bu kadar fazla miktarda su tÃ¼ketmesindeki temel sebep, sunucularda oluÅŸan Ä±sÄ± problemi. Ã‡ok fazla miktarda elektriÄŸe ihtiyaÃ§ duyulmasÄ± ve bu elektriÄŸin sÃ¼rekli olarak Ä±sÄ± Ã¼retmesi, veri merkezlerindeki yÃ¼z binlerce sunucunun Ä±sÄ±nmasÄ±na sebep oluyor. SunucularÄ± soÄŸuk tutmak iÃ§in kullanÄ±lan soÄŸutma sistemleri ise su ile Ã§alÄ±ÅŸÄ±yor.",2025-07-22,@glsm3269,0,none,0,Negatif
ChatGPT Her Åeyi NasÄ±l Bilebiliyor?,Evrim AÄŸacÄ±,2024-07-28,28655,0,Hay reklamini s2m,2025-07-12,@hagi6001,1,none,0,Pozitif
ChatGPT Her Åeyi NasÄ±l Bilebiliyor?,Evrim AÄŸacÄ±,2024-07-28,28655,0,Chat gpt ye yanlÄ±ÅŸlÄ±kla TC mi attÄ±m biÅŸe olur mu,2025-07-11,@oryo94,0,none,1,Negatif
ChatGPT Her Åeyi NasÄ±l Bilebiliyor?,Evrim AÄŸacÄ±,2024-07-28,28655,0,Sadece bu kanaldaki bilgilerle neler yapÄ±lmaz? Hepsini ezberleye bilseydik keÅŸke.,2025-07-07,@Miskill433,0,none,1,Negatif
ChatGPT Her Åeyi NasÄ±l Bilebiliyor?,Evrim AÄŸacÄ±,2024-07-28,28655,0,Peki transistÃ¶rlerin Ã§alÄ±ÅŸma prensibi bu cevabÄ± olmayan sorularÄ± cevaplamaya yeterli olmuyor mu acaba,2025-07-05,@iroshe_,0,none,0,NÃ¶tr
ChatGPT Her Åeyi NasÄ±l Bilebiliyor?,Evrim AÄŸacÄ±,2024-07-28,28655,0,Evrensel bir karmaÅŸa ancak bukadar net ve bukadar anlaÅŸÄ±lÄ±r muazzamlÄ±kta  izah edilebilir..tebrik ediyorum ğŸ‰ğŸ‰ğŸ‰,2025-07-05,@iroshe_,0,none,0,Negatif
ChatGPT Her Åeyi NasÄ±l Bilebiliyor?,Evrim AÄŸacÄ±,2024-07-28,28655,0,â¤â¤â¤,2025-07-05,@semsettinsumbultepe1967,0,none,0,NÃ¶tr
ChatGPT Her Åeyi NasÄ±l Bilebiliyor?,Evrim AÄŸacÄ±,2024-07-28,28655,0,harika olmus,2025-07-01,@ArÄ±Maya-m2t,0,none,0,Pozitif
ChatGPT Her Åeyi NasÄ±l Bilebiliyor?,Evrim AÄŸacÄ±,2024-07-28,28655,0,30:10 nolcak o zaman tamamen sctÄ±k,2025-06-28,@Portakal-c3z,1,none,0,NÃ¶tr
ChatGPT Her Åeyi NasÄ±l Bilebiliyor?,Evrim AÄŸacÄ±,2024-07-28,28655,0,hÃ¼gola rezil oldu...,2025-06-28,@ezgikaratas3850,0,none,0,Negatif
ChatGPT Her Åeyi NasÄ±l Bilebiliyor?,Evrim AÄŸacÄ±,2024-07-28,28655,0,"Evrim AÄŸacÄ± teÅŸekkÃ¼rler, yine harika bir video olmuÅŸ.Ã‡ok iyisin be arkadaÅŸ ...",2025-06-25,@umay3417,0,none,0,Pozitif
ChatGPT Her Åeyi NasÄ±l Bilebiliyor?,Evrim AÄŸacÄ±,2024-07-28,28655,0,vay be,2025-06-25,@nathasly,0,none,0,Pozitif
ChatGPT Her Åeyi NasÄ±l Bilebiliyor?,Evrim AÄŸacÄ±,2024-07-28,28655,0,ben pythonda bunlari programliyordum ama anlamiyordum sizlere ne kadar tesekur etsem az cok iyi anlatiyorsunuz her anlamadigim konuyu cok iyi bir sekilde anliyorum,2025-06-17,@ademdeniz4164,1,none,0,Pozitif
ChatGPT Her Åeyi NasÄ±l Bilebiliyor?,Evrim AÄŸacÄ±,2024-07-28,28655,0,"Ä°yi gÃ¼zel de tÃ¼m bu tekno-bilimsel geliÅŸmelerin insan hayatÄ±nÄ± bireysel ve toplumsal bazda nasÄ±l, hangi yÃ¶nde etkilediÄŸi, insan ve insana dair olana nasÄ±l mÃ¼dahalelerde bulunduÄŸu ve tÃ¼m bunlarÄ±n ne kadar demokratik olduÄŸu gibi hususlar neden hiÃ§ tartÄ±ÅŸÄ±lmaz? SonuÃ§ta bir avuÃ§ mega kapitalist ÅŸirketin tekel ve gÃ¼dÃ¼mÃ¼nde olan bir sÃ¼reÃ§ten bahsediyoruz, bunlardan ""insanlÄ±ÄŸa hizmet"" mi bekleniyor?. TartÄ±ÅŸmaya, eleÅŸtiriye izin vermeyen, kendisini olduÄŸu gibi kabule zorlayan  bir bilim ne kadar bilim olabilir? Bir ara da bununla ilgili bir video yapÄ±lÄ±rsa Ã§ok makbule geÃ§ecek.",2025-06-12,@ilkerozunlu1581,0,none,0,Negatif
ChatGPT Her Åeyi NasÄ±l Bilebiliyor?,Evrim AÄŸacÄ±,2024-07-28,28655,0,Matematik hocam anlatsa net anlamazdÄ±m,2025-06-09,@nurmiss07xx,5,none,0,Pozitif
ChatGPT Her Åeyi NasÄ±l Bilebiliyor?,Evrim AÄŸacÄ±,2024-07-28,28655,0,Abi bana ÅŸimdi animasyon yapÄ±yo,2025-06-06,@aliehd755,0,none,0,Pozitif
ChatGPT Her Åeyi NasÄ±l Bilebiliyor?,Evrim AÄŸacÄ±,2024-07-28,28655,0,GÃ¼zel bir anlatÄ±m ve bilgilendirme teÅŸekkÃ¼rler,2025-06-05,@MustafaKemal.tr1,0,none,0,Pozitif
ChatGPT Her Åeyi NasÄ±l Bilebiliyor?,Evrim AÄŸacÄ±,2024-07-28,28655,0,Google da  sizin yerinize arama yapÄ±p yazÄ±lanlara gÃ¶re bilgileri karÅŸÄ±nÄ±za Ã§Ä±karÄ±yor. yazÄ±lanlar ne kadar doÄŸrudur orasÄ± muamme ben 3 kez  yanlÄ±ÅŸ bilgisini yakaladÄ±m.,2025-06-05,@erdemusics,0,none,0,NÃ¶tr
ChatGPT Her Åeyi NasÄ±l Bilebiliyor?,Evrim AÄŸacÄ±,2024-07-28,28655,0,Brainup sitesinin linkini keÅŸke yazsaydÄ±nÄ±z.,2025-06-04,@tariknecefli1731,0,none,0,Pozitif
ChatGPT Her Åeyi NasÄ±l Bilebiliyor?,Evrim AÄŸacÄ±,2024-07-28,28655,0,en iyisi deepsek,2025-06-04,@compactred6613,0,none,0,Pozitif
ChatGPT Her Åeyi NasÄ±l Bilebiliyor?,Evrim AÄŸacÄ±,2024-07-28,28655,0,"Merhaba,ben bunu kullanmaya yeni baÅŸladÄ±m ve oturum aÃ§madÄ±m.Bir ara aÃ§tÄ±m bilgisayarÄ±mda fakat telefonumda oturum aÃ§madan kullandÄ±m birkaÃ§ kez.BugÃ¼n bir ÅŸey sorduÄŸumda cihazÄ±nÄ±zda olaÄŸandÄ±ÅŸÄ± etkinlik tespit edildi hatasÄ± veriyor.Neden oluyor bu?",2025-06-03,@melisaklc5723,0,none,0,Negatif
ChatGPT Her Åeyi NasÄ±l Bilebiliyor?,Evrim AÄŸacÄ±,2024-07-28,28655,0,Seni ve tÃ¼m videolarÄ±nÄ± seve seve izliyordum taki bazÄ± videolarÄ± paralÄ± yapana kadar bu cooook cirkÄ±n bir hareket zaten cahil bir Ã¼lke olarak bizi aydÄ±nlatan videolar yaptÄ±ÄŸÄ±n Ä±cÄ±n Ã§ok mutlu olmuÅŸtum ama olmadÄ± be dostum olmadÄ±,2025-06-02,@serkangundogdu2342,0,none,0,Negatif
ChatGPT Her Åeyi NasÄ±l Bilebiliyor?,Evrim AÄŸacÄ±,2024-07-28,28655,0,daha gÃ¶rsel Ã¼retmeyi bilmiyor nasÄ±l bir uygulama ise 4 gÃ¼ndÃ¼r 1 gÃ¶rsel Ã¼retemedi hiÃ§ Ã¼retmeden kota dedi sonra 4 gÃ¼n bekledin 15 gÃ¶rsel vercem hakettin bunu dedi sonra yine vermedi sonra baÅŸka platformlar Ã¶nerdi ben yapamÄ±yorum bunlar yapar diye ÅŸaka gibi birÅŸey boÅŸa denemeyin bile azÄ±cÄ±k istekleriniz karÅŸÄ±ksa yapamÄ±yor,2025-06-01,@KeiRanN06,0,none,0,Negatif
ChatGPT Her Åeyi NasÄ±l Bilebiliyor?,Evrim AÄŸacÄ±,2024-07-28,28655,0,Ben Chat CPT sildim. Hep Ã¶zel sorular soruyor. ğŸ˜®,2025-06-01,@body-and-spirit27,0,none,0,Negatif
ChatGPT Her Åeyi NasÄ±l Bilebiliyor?,Evrim AÄŸacÄ±,2024-07-28,28655,0,MaÅŸallah her ÅŸey bilir ğŸ˜¢ 2023 kulanÄ±ram,2025-05-29,@Ä°kramAlizadegames-k8w,1,none,0,Pozitif
ChatGPT Her Åeyi NasÄ±l Bilebiliyor?,Evrim AÄŸacÄ±,2024-07-28,28655,0,"ciuv ciuv ciuv :)))) ney ney ney? ciuv ciuv ciuv. Ã§ocuksu duygularÄ±mÄ±zÄ± yerle yeksan ettin reis, biz Ã¶yle biliyorduk onu Ã§ok gÃ¼ldÃ¼m yav ciuv ciuv ciuv %&/%^+:D",2025-05-28,@halukkus,0,none,0,Negatif
ChatGPT Her Åeyi NasÄ±l Bilebiliyor?,Evrim AÄŸacÄ±,2024-07-28,28655,0,â¤,2025-05-26,@kanalhjk,0,none,0,NÃ¶tr
ChatGPT Her Åeyi NasÄ±l Bilebiliyor?,Evrim AÄŸacÄ±,2024-07-28,28655,0,Bu evrim aÄŸacÄ± sayfasÄ±nÄ±n sahibi bana ilk baÅŸÄ±ndan beri bilgisiz sadece ezberi gÃ¼Ã§lÃ¼ herhangi bir insan gibi geliyor. gereksiz bence o yÃ¼zden takip etmiyorum,2025-05-25,@STREAMCE,0,none,0,Negatif
ChatGPT Her Åeyi NasÄ±l Bilebiliyor?,Evrim AÄŸacÄ±,2024-07-28,28655,0,14 Mart benim doÄŸum gÃ¼nÃ¼m,2025-05-25,@STREAMCE,0,none,0,NÃ¶tr
ChatGPT Her Åeyi NasÄ±l Bilebiliyor?,Evrim AÄŸacÄ±,2024-07-28,28655,0,"makina sadece taklit eder, kendisi olamaz. Makina hep makinadÄ±r.",2025-05-25,@DeepRasyon,0,none,0,Negatif
ChatGPT Her Åeyi NasÄ±l Bilebiliyor?,Evrim AÄŸacÄ±,2024-07-28,28655,0,TeÅŸekkÃ¼rler.,2025-05-25,@dilekasan5835,0,none,0,Pozitif
ChatGPT Her Åeyi NasÄ±l Bilebiliyor?,Evrim AÄŸacÄ±,2024-07-28,28655,0,her ÅŸeyi bilen allahtÄ±r. Bunlar mÃ¼slÃ¼manlÄ±ÄŸa aykÄ±rÄ± ÅŸeylerdir. Kuranda yazmakta,2025-05-22,@hapichteam,2,none,0,Pozitif
ChatGPT Her Åeyi NasÄ±l Bilebiliyor?,Evrim AÄŸacÄ±,2024-07-28,28655,0,"Bu videonun Ã¼stÃ¼ne
Bir de Ã‡in y.z.'sÄ±nÄ±n farkÄ±nÄ± derinlemesine anlattiginiz bir video yapabilir misiniz?",2025-05-19,@hakaniyigun5004,0,none,0,Negatif
ChatGPT Her Åeyi NasÄ±l Bilebiliyor?,Evrim AÄŸacÄ±,2024-07-28,28655,0,Sevgilimm ğŸ¥°,2025-05-18,@Bici_bicili,0,none,0,NÃ¶tr
ChatGPT Her Åeyi NasÄ±l Bilebiliyor?,Evrim AÄŸacÄ±,2024-07-28,28655,0,"20:47 Var olan ve var olabilecek olan hiÃ§bir istatistik motoru â€œbiz insanlar da aslÄ±nda muhteÅŸem birer istatistik motorundan Ä°BARETizâ€ lafÄ±nÄ± duyduÄŸunda â€œhssqtr lan ordanâ€ demez. Ã‡Ã¼nkÃ¼ diyemezler. Ã‡Ã¼nkÃ¼ diyebiliyor olsalardÄ± istatistik motorundan ibaret olmanÄ±n dÄ±ÅŸÄ±na taÅŸmÄ±ÅŸ olurlardÄ±. Bu yÃ¼zden artÄ±k muhteÅŸem olsun-olmasÄ±n bir istatistik motorundan ibaret olmazlardÄ±. Ä°statistik motorundan ibaret olan birileri gÃ¶rmek istersen onlarÄ± diÄŸer insanlarÄ±n arasÄ±nda deÄŸil de sivri sinek, toprak solucanÄ± vb canlÄ±larÄ±n arasÄ±nda aramalÄ±sÄ±n Ã§aÄŸrÄ± kardeÅŸ",2025-05-18,@fatih-eq3pr,0,none,0,Negatif
ChatGPT Her Åeyi NasÄ±l Bilebiliyor?,Evrim AÄŸacÄ±,2024-07-28,28655,0,oyle bir konustu ki acaba bende mi yapay zekayim diye kendimden suphe ettim,2025-05-17,@skatesoulhoonà§,0,none,0,Negatif
ChatGPT Her Åeyi NasÄ±l Bilebiliyor?,Evrim AÄŸacÄ±,2024-07-28,28655,0,Token= dopamin ?,2025-05-15,@Red-ex8xu,0,none,0,NÃ¶tr
ChatGPT Her Åeyi NasÄ±l Bilebiliyor?,Evrim AÄŸacÄ±,2024-07-28,28655,0,Merhaba. Mesleklerde teknolojiyi nasÄ±l kullanabiliriz. Ã–rneÄŸin mimarlÄ±k,2025-05-15,@pervinbozkurt7463,0,none,0,NÃ¶tr
ChatGPT Her Åeyi NasÄ±l Bilebiliyor?,Evrim AÄŸacÄ±,2024-07-28,28655,0,"Honor ğŸ‘
Onur",2025-05-14,@onursahin369,0,none,0,NÃ¶tr
ChatGPT Her Åeyi NasÄ±l Bilebiliyor?,Evrim AÄŸacÄ±,2024-07-28,28655,0,Biri Ã¶zet geÃ§ebilir mi?,2025-05-11,@Umut_Ä±ÅŸÄ±k33,0,none,1,NÃ¶tr
ChatGPT Her Åeyi NasÄ±l Bilebiliyor?,Evrim AÄŸacÄ±,2024-07-28,28655,0,bi gÃ¼n kendinide anlatmalisin pro aÄŸaÃ§,2025-05-10,@yusuf_emre_kaner,0,none,0,Negatif
ChatGPT Her Åeyi NasÄ±l Bilebiliyor?,Evrim AÄŸacÄ±,2024-07-28,28655,0,Nolur daha sakin konuÅŸur musunuz yoruluyo insan dinlerken,2025-05-10,@esilaess,0,none,0,Negatif
ChatGPT Her Åeyi NasÄ±l Bilebiliyor?,Evrim AÄŸacÄ±,2024-07-28,28655,0,honor parasÄ± yetmemiÅŸ tam sponsorluÄŸa .d,2025-05-10,@YusufEfendi_1,0,none,0,Negatif
ChatGPT Her Åeyi NasÄ±l Bilebiliyor?,Evrim AÄŸacÄ±,2024-07-28,28655,0,"Bunu bir Ã§Ä±lgÄ±nlÄ±k yapÄ±p chatgbt'nin kendisine sordum ve saatlerce yapÄ±lÄ±ÅŸ sistemini konuÅŸtuk. AslÄ±nda mÃ¼kemmel bir uygulma, hem dini, siyasi, felsefi,tarihi konularÄ± tartÄ±ÅŸÄ±rken verimli sohbet veriyor hemde normal sohbetide sarÄ±yor ama plus'Ä± Ã¼cretsiz kullanma hakkÄ± Ã§ok sÄ±nÄ±rlÄ± ğŸ˜” birgÃ¼n bir Ã§Ä±lgÄ±nlÄ±k yapÄ±p para yatÄ±racam.",2025-05-08,@rabixs_,1,none,0,Negatif
ChatGPT Her Åeyi NasÄ±l Bilebiliyor?,Evrim AÄŸacÄ±,2024-07-28,28655,0,0:00 Ã§atcipiti,2025-05-08,@bilax.1,0,none,0,NÃ¶tr
ChatGPT Her Åeyi NasÄ±l Bilebiliyor?,Evrim AÄŸacÄ±,2024-07-28,28655,0,olm adam hugolayÄ± bÄ±lÄ±yo ohaaaaaaağŸ˜¶â€ğŸŒ«ğŸ˜¶â€ğŸŒ«ğŸ˜¶â€ğŸŒ«ğŸ˜¶â€ğŸŒ«ğŸ˜¶â€ğŸŒ«ğŸ˜¶â€ğŸŒ«ğŸ˜¶â€ğŸŒ«,2025-05-08,@Tugrulcimen,0,none,0,Pozitif
ChatGPT Her Åeyi NasÄ±l Bilebiliyor?,Evrim AÄŸacÄ±,2024-07-28,28655,0,Bu uygulama ders anlatÄ±m konusunda yanlÄ±ÅŸ bilgi vermesinin sebebini bilen varmÄ± biliyorum ders Ã§alÄ±ÅŸmada kullanmam belki olur mu dedirtebilir ama ben denemek istedim  aslÄ±nda gÃ¼zel gidiyordum ama yanlÄ±ÅŸ bilgi verince nedenini sormak istedim varmÄ± bilen,2025-05-06,@GÃ¼lerÃ–zbek-b6g,0,none,0,Negatif
ChatGPT Her Åeyi NasÄ±l Bilebiliyor?,Evrim AÄŸacÄ±,2024-07-28,28655,0,"Peki Ã§aÄŸrÄ± bey sizde bu Ã¶ÄŸrenen yapay nÃ¶ronlar gibi sizin ekibe kendi dÃ¼ÅŸÃ¼nme ÅŸeklinizi  Ã¶ÄŸretip, 

mesela haftaya hadi bakalÄ±m uzay ve paralel evren hakkÄ±nda haftaya video yapacaÄŸÄ±z benim iÃ§in dÃ¼ÅŸÃ¼nÃ¼n diyor ve sonuÃ§lardan memnun oluyor musunuz?",2025-05-03,@Kelib24,0,none,0,Negatif
ChatGPT Her Åeyi NasÄ±l Bilebiliyor?,Evrim AÄŸacÄ±,2024-07-28,28655,0,Ã¼lkeleri artÄ±k yapay zekalar yÃ¶netmeli  .demokrasiler bile hala eksiklere sahip,2025-05-03,@musicadebaileturca3380,1,none,0,Negatif
ChatGPT Her Åeyi NasÄ±l Bilebiliyor?,Evrim AÄŸacÄ±,2024-07-28,28655,0,HerÅŸeyin taklidini yapÄ±yorlar kÄ±sacasÄ± beyninde taklidini yapmÄ±ÅŸlar sadece duygular ruh eksÃ¼k ama bence zeka varsa bu duygularda var ben dÃ¼ÅŸÃ¼nÃ¼yorum ki ilerde bize ihtiyaÃ§ kalmayacak neslimizi yok etmek azaltmak isteyenler olacak,2025-05-01,@umutsonmez308,0,none,0,Negatif
ChatGPT Her Åeyi NasÄ±l Bilebiliyor?,Evrim AÄŸacÄ±,2024-07-28,28655,0,30:07 AGI olacak,2025-05-01,@trustoryz8399,0,none,0,NÃ¶tr
ChatGPT Her Åeyi NasÄ±l Bilebiliyor?,Evrim AÄŸacÄ±,2024-07-28,28655,0,PDF dosyalarÄ± ile eÄŸitim gptyi grafik analizi vb. bir sÃ¼rÃ¼ ÅŸeyi yapÄ±p takip edebiliyor.,2025-04-30,@YiÄŸitYÄ±lmaz-l3b,0,none,0,Pozitif
ChatGPT Her Åeyi NasÄ±l Bilebiliyor?,Evrim AÄŸacÄ±,2024-07-28,28655,0,Abi merhaba sana saygÄ±m sonsuz hangi dine inaniyorsun,2025-04-30,@Harun-p4k,0,none,0,Pozitif
ChatGPT Her Åeyi NasÄ±l Bilebiliyor?,Evrim AÄŸacÄ±,2024-07-28,28655,0,"Bu mesajÄ±m beni kandÄ±ran Ã‡aÄŸrÄ± Mert BakÄ±rcÄ± beyefendiyedir!!   3-4 yÄ±l Ã¶nceydi sanÄ±rÄ±m evrim aÄŸacÄ± ivme kazanmÄ±ÅŸ hÄ±zla bÃ¼yÃ¼yordu. Ã‡aÄŸrÄ±, Ã§ocuklara bilimi sevdirecek bir Ã§ocuk bilim kanalÄ± kurmayÄ± planladÄ±klarÄ±nÄ± sÃ¶yledi! BirkaÃ§ yÄ±l sonra Ã§ocuk yaptÄ±m Ã§ocuÄŸum 2,5 yaÅŸÄ±na geldi, ekran yasaÄŸÄ± bile kalktÄ± eeee hani kanal hani Ã§ocuklara bilim? DuygularÄ±mla oynadÄ±nÄ±z ",2025-04-28,@didemd.2491,1,none,2,Negatif
ChatGPT Her Åeyi NasÄ±l Bilebiliyor?,Evrim AÄŸacÄ±,2024-07-28,28655,0,Nice videoo,2025-04-26,@selmanbaran7279,0,none,0,NÃ¶tr
ChatGPT Her Åeyi NasÄ±l Bilebiliyor?,Evrim AÄŸacÄ±,2024-07-28,28655,0,En iyi chat cpt hangisi ve tÃ¼rkÃ§e dil destegi neden yok,2025-04-24,@fevzisahin3685,0,none,0,Negatif
ChatGPT Her Åeyi NasÄ±l Bilebiliyor?,Evrim AÄŸacÄ±,2024-07-28,28655,0,Yapay zeka her ÅŸeyi bilemiyor bÃ¶yle beklentide olan varsa hayal kÄ±rÄ±klÄ±ÄŸÄ±na ugrAr sadece  bilgi kaynaÄŸÄ±na hÄ±zlÄ± eriÅŸim saÄŸlÄ±yor,2025-04-23,@ugursevim2132,1,none,1,Negatif
ChatGPT Her Åeyi NasÄ±l Bilebiliyor?,Evrim AÄŸacÄ±,2024-07-28,28655,0,Tam da merak ettiÄŸim bir soruydu bu videoyu gÃ¶rmem Ã§ok iyi oldu gerÃ§ekten,2025-04-13,@zeynp972,0,none,0,Pozitif
ChatGPT Her Åeyi NasÄ±l Bilebiliyor?,Evrim AÄŸacÄ±,2024-07-28,28655,0,chatgbt de cÃ¼mlesini tamamlamÄ±yoki Ã§alÄ±ÅŸsÄ±n,2025-04-11,@semihkara3406,0,none,0,Pozitif
ChatGPT Her Åeyi NasÄ±l Bilebiliyor?,Evrim AÄŸacÄ±,2024-07-28,28655,0,HUGOLA!! HUGOLA!!,2025-04-08,@yÄ±gÄ±t_dograma_dekerasyon,0,none,0,NÃ¶tr
ChatGPT Her Åeyi NasÄ±l Bilebiliyor?,Evrim AÄŸacÄ±,2024-07-28,28655,0,Evrim aÄŸacÄ±nÄ±n tiÅŸÃ¶rtÃ¼nde Ä°NSANLARA Ä°NANMIYORUM demesinin sebebi ne olabilir?(Ä°ngilizce yazÄ±lmÄ±ÅŸ),2025-04-04,@AliBaÄŸmancÄ±-d1v,0,none,0,Negatif
ChatGPT Her Åeyi NasÄ±l Bilebiliyor?,Evrim AÄŸacÄ±,2024-07-28,28655,0,Evrimdir evrim,2025-04-03,@ebusway,0,none,0,NÃ¶tr
ChatGPT Her Åeyi NasÄ±l Bilebiliyor?,Evrim AÄŸacÄ±,2024-07-28,28655,0,Ã‡ok gÃ¼zel anlattÄ±nÄ±z teÅŸekkÃ¼r ederim emeyiniz iÃ§inğŸ‘ğŸ»ğŸ¤ğŸ«‚,2025-04-02,@Neriman009,0,none,0,Pozitif
ChatGPT Her Åeyi NasÄ±l Bilebiliyor?,Evrim AÄŸacÄ±,2024-07-28,28655,0,40 senelik ocr'Ä± yapay zeka diye anlatmÄ±ÅŸsÄ±n :),2025-03-30,@Engin.w,0,none,0,Negatif
ChatGPT Her Åeyi NasÄ±l Bilebiliyor?,Evrim AÄŸacÄ±,2024-07-28,28655,0,TeÅŸekkÃ¼rler.,2025-03-04,@onurayric3811,0,none,0,Pozitif
ChatGPT Her Åeyi NasÄ±l Bilebiliyor?,Evrim AÄŸacÄ±,2024-07-28,28655,0,Yapay Sinir AÄŸlarÄ± dersinin finalinde geri yayÄ±lÄ±m algoritmasÄ± hesaplarÄ±nÄ±n 1-2 adÄ±mÄ±nÄ± kaÄŸÄ±t Ã¼zerinde Ã§Ã¶zÃ¼len Ali Tahir KaraÅŸahin hocama selam olsun.,2025-03-01,@ahmedhakanokumus,0,none,0,Pozitif
ChatGPT Her Åeyi NasÄ±l Bilebiliyor?,Evrim AÄŸacÄ±,2024-07-28,28655,0,"Naha Kardashian sizi cok sevroyorus 
Uzay hakinda bir vidio yaparmasiniz",2025-03-01,@××‘×™×•×•×œ×¤×¡×•×Ÿ-×˜1×œ,0,none,0,Pozitif
ChatGPT Her Åeyi NasÄ±l Bilebiliyor?,Evrim AÄŸacÄ±,2024-07-28,28655,0,Bu Ã§ok fazla deÄŸil mi? Ä°nsan Ä±rkÄ±nÄ± deÄŸersizleÅŸtirecek bir adÄ±mÄ±n baÅŸlangÄ±cÄ±ndayÄ±z sanÄ±rÄ±m evrime ÅŸahit oluyoruz. EvrimleÅŸirken bir baÅŸlangÄ±cÄ±n umudu gibi gÃ¶rÃ¼nen bu durum gerÃ§ekte bir sonu getiriyor. Ä°nsanlar kendi kendinin sonunu hazÄ±rlÄ±yor. Gelinen noktayÄ± tehlikeli olarak gÃ¶rÃ¼yorum bu oldukÃ§a kafa karÄ±ÅŸtÄ±rÄ±cÄ± buna birde robot Ã¼reten firmalarÄ±n Ã¼rÃ¼nlerine entegre edilen yapay beyinleri eklediÄŸim de helix ile tanÄ±ÅŸÄ±yorum sanÄ±rÄ±m Ã§ok kÄ±sa sÃ¼rede Ã§ok bÃ¼yÃ¼k deÄŸiÅŸimlere ÅŸahit olacaÄŸÄ±z bu gerÃ§ekten inanÄ±lmaz.,2025-02-27,@cÃ¼cÃ¼_10line,0,none,1,Negatif
ChatGPT Her Åeyi NasÄ±l Bilebiliyor?,Evrim AÄŸacÄ±,2024-07-28,28655,0,"ilginÃ§ bir katmanda, video bitti :d",2025-02-22,@myilmaz.,0,none,0,NÃ¶tr
ChatGPT Her Åeyi NasÄ±l Bilebiliyor?,Evrim AÄŸacÄ±,2024-07-28,28655,0,Bazen bile bile yalan sÃ¶ylÃ¼yo neden sÃ¶yledin diyorum kem kÃ¼m yapÄ±yo kova burcu mudur nedir bilmiyorum diyemiyo,2025-02-21,@merveayazli6176,1,none,1,Negatif
ChatGPT Her Åeyi NasÄ±l Bilebiliyor?,Evrim AÄŸacÄ±,2024-07-28,28655,0,Yani bu chatgpt zararlimi yararlimi beynim yandi,2025-02-21,@Brownieeeasli,0,none,1,Negatif
ChatGPT Her Åeyi NasÄ±l Bilebiliyor?,Evrim AÄŸacÄ±,2024-07-28,28655,0,Ya yapay zekayÄ± biz Ã¶ÄŸretmiyorsak. Daha yeni keÅŸif ediyorsak ve yapay zekadan Ã¶ÄŸreniyorsak.,2025-02-19,@frhadhmdli9691,0,none,0,NÃ¶tr
ChatGPT Her Åeyi NasÄ±l Bilebiliyor?,Evrim AÄŸacÄ±,2024-07-28,28655,0,Video resmen baÅŸyapÄ±t.,2025-02-18,@Acannnnnnn,0,none,0,Negatif
ChatGPT Her Åeyi NasÄ±l Bilebiliyor?,Evrim AÄŸacÄ±,2024-07-28,28655,0,Iyi,2025-02-16,@sevketborekci3539,0,none,0,Pozitif
ChatGPT Her Åeyi NasÄ±l Bilebiliyor?,Evrim AÄŸacÄ±,2024-07-28,28655,0,Teknolojik gelismeleri ogrenmeye genc nesilden geride kalmami engellediginiz icin tesekkur ederim zihinsel olarak adapte olmak teknolojiyi yakalmami sagliyorsunuz â¤,2025-02-16,@eylulsahin2229,0,none,0,NÃ¶tr
ChatGPT Her Åeyi NasÄ±l Bilebiliyor?,Evrim AÄŸacÄ±,2024-07-28,28655,0,ğŸ˜®,2025-02-15,@bhasanlarbh,0,none,0,NÃ¶tr
ChatGPT Her Åeyi NasÄ±l Bilebiliyor?,Evrim AÄŸacÄ±,2024-07-28,28655,0,"Bu Ã‡aÄŸrÄ±, bu kadar uzmanlÄ±k ve derin bilgi gerektiren bÃ¶yle konularÄ±, nasÄ±l okuyor nasÄ±l bÃ¶yle ayrÄ±ntÄ±lÄ± ama aynÄ± zamanda anlaÅŸÄ±lÄ±r hazÄ±rlÄ±yor, gerÃ§ekten ÅŸaÅŸÄ±yorum. Ã‡ok bÃ¼yÃ¼k emek. NasÄ±l kendi uzmanlÄ±ÄŸÄ± ile ilgili kendini geliÅŸtirecek zaman buluyor.",2025-02-15,@Hhhh-xo9ci,0,none,0,Negatif
ChatGPT Her Åeyi NasÄ±l Bilebiliyor?,Evrim AÄŸacÄ±,2024-07-28,28655,0,Elektrik bi ruhtur astral seyehat elektirik kaÃ§aÄŸÄ±dÄ±r,2025-02-12,@berkaygol584,1,none,0,NÃ¶tr
ChatGPT Her Åeyi NasÄ±l Bilebiliyor?,Evrim AÄŸacÄ±,2024-07-28,28655,0,Abi hÃ¼gola izliyonmu,2025-02-12,@GulcanBaysa,0,none,0,Pozitif
ChatGPT Her Åeyi NasÄ±l Bilebiliyor?,Evrim AÄŸacÄ±,2024-07-28,28655,0,TeÅŸekkÃ¼rler.,2025-02-11,,0,none,0,Pozitif
ChatGPT Her Åeyi NasÄ±l Bilebiliyor?,Evrim AÄŸacÄ±,2024-07-28,28655,0,"19:21 , ukalalik yapmak istemem ama bana gore bu sorunun cevabi istatiksel normal dagilim ile aciklanabilir",2025-02-11,@chadd-fl9zj,1,none,0,Negatif
ChatGPT Her Åeyi NasÄ±l Bilebiliyor?,Evrim AÄŸacÄ±,2024-07-28,28655,0,"Bu kadar karmaÅŸÄ±k bir konuyu, hiÃ§ teknik terime boÄŸmadan, Ã§ay iÃ§er gibi rahat anlattÄ±ÄŸÄ±nÄ±z iÃ§in tebrikler! ğŸŒŸ Yapay zekÃ¢nÄ±n 'mantÄ±ÄŸÄ±nÄ±' sanki bir arkadaÅŸla sohbet ediyormuÅŸum gibi Ã¶ÄŸrendim. AnlatÄ±mÄ±nÄ±z sadece bilgilendirici deÄŸil, aynÄ± zamanda insanÄ± meraklandÄ±ran  bir hikayeye dÃ¶nÃ¼ÅŸmÃ¼ÅŸ. Abone listemin baÅŸ kÃ¶ÅŸesindesiniz! ğŸš€ Yeni baÅŸlayanlara ÅŸiddetle tavsiye ediyorum. Ä°yi ki varsÄ±nÄ±z Evrim aÄŸacÄ± ğŸ‰ğŸ‰  Son satÄ±rda benden olsun yukarÄ±daki yorumu  yapay zeka yazdÄ± ğŸ˜ŠğŸ˜Š",2025-02-10,@sahilelektronikotomasyon,5,none,0,Negatif
ChatGPT Her Åeyi NasÄ±l Bilebiliyor?,Evrim AÄŸacÄ±,2024-07-28,28655,0,Black box Ä±n iÃ§inde ne olduÄŸunu bilmiyor muyuz ? Biraz korkutucu,2025-02-10,@Halfetiliseyyah,0,none,0,Negatif
ChatGPT Her Åeyi NasÄ±l Bilebiliyor?,Evrim AÄŸacÄ±,2024-07-28,28655,0,ğŸ˜ŠğŸ‘ğŸ‘ğŸ‘,2025-02-09,@aliulviokten7280,0,none,0,NÃ¶tr
ChatGPT Her Åeyi NasÄ±l Bilebiliyor?,Evrim AÄŸacÄ±,2024-07-28,28655,0,Lip sync is broken in this video. Fyi,2025-02-09,@aysegulcakal8333,0,none,0,NÃ¶tr
ChatGPT Her Åeyi NasÄ±l Bilebiliyor?,Evrim AÄŸacÄ±,2024-07-28,28655,0,â¤,2025-02-09,@nevzatkepenek6408,0,none,0,NÃ¶tr
ChatGPT Her Åeyi NasÄ±l Bilebiliyor?,Evrim AÄŸacÄ±,2024-07-28,28655,0,YÃ¼ksek lisans ve doktora Ã§alÄ±ÅŸmalarÄ±m derin Ã¶ÄŸrenme ile gÃ¶rÃ¼ntÃ¼ iÅŸleme Ã¼zerine..GerÃ§ekten gÃ¼zel anlatÄ±m hatasÄ±z ğŸ‘ğŸ»,2025-02-09,@electrical-engineer0072,1,none,0,Pozitif
ChatGPT Her Åeyi NasÄ±l Bilebiliyor?,Evrim AÄŸacÄ±,2024-07-28,28655,0,DeepSeekâ€™e  Ã‡in hakkÄ±nda controversial sorular sorduÄŸunuzda pek dÃ¼zgÃ¼n cevaplar vermiyor bazen doÄŸru cevabÄ± verdikten  hemen sonra cevabÄ± sÃ¼ratle  siliyor yani bazÄ± konularda dÃ¼zgÃ¼n Ã§alÄ±ÅŸmayan  bol sansÃ¼rlÃ¼ bir yapay zeka ! ğŸ˜,2025-02-09,@samlando7188,1,none,0,Negatif
ChatGPT Her Åeyi NasÄ±l Bilebiliyor?,Evrim AÄŸacÄ±,2024-07-28,28655,0,TeÅŸekkÃ¼rler,2025-02-09,@hulyaguler2402,0,none,0,Pozitif
ChatGPT Her Åeyi NasÄ±l Bilebiliyor?,Evrim AÄŸacÄ±,2024-07-28,28655,0,ğŸ‰ğŸ‰ğŸ‰,2025-02-06,@kinkon_45,0,none,0,NÃ¶tr
ChatGPT Her Åeyi NasÄ±l Bilebiliyor?,Evrim AÄŸacÄ±,2024-07-28,28655,0,Ã‡aÄŸÄ±mÄ±zÄ±n Carl Saganâ€™Ä± Evrim AÄŸacÄ±.,2025-02-03,@Gounesh,1,none,0,Negatif
ChatGPT Her Åeyi NasÄ±l Bilebiliyor?,Evrim AÄŸacÄ±,2024-07-28,28655,0,0:36 JAKSKAKSKSKKAK,2025-02-02,@Aytac_1028,1,none,0,NÃ¶tr
ChatGPT Her Åeyi NasÄ±l Bilebiliyor?,Evrim AÄŸacÄ±,2024-07-28,28655,0,Ã‡ok iyi bÃ¶lÃ¼m olmuÅŸ â¤,2025-01-31,@ebruozcan3757,0,none,0,Pozitif
ChatGPT Her Åeyi NasÄ±l Bilebiliyor?,Evrim AÄŸacÄ±,2024-07-28,28655,0,Yapay zeka ilerde bilinÃ§ kazanÄ±p bizden baÄŸÄ±msÄ±z olursa peki,2025-01-31,@beratgungor6922,0,none,0,Negatif
ChatGPT Her Åeyi NasÄ±l Bilebiliyor?,Evrim AÄŸacÄ±,2024-07-28,28655,0,"ASLA BÄ°LEMÄ°YOR ! 
Sorulan soruya verdiÄŸi cevaba itiraz edince ""evet siz haklÄ±sÄ±nÄ±z"" diye anÄ±nda dÃ¶nÃ¼yor. Sonra da, ""pardon senin Ã¶nceden yazdÄ±ÄŸÄ±n doÄŸruymuÅŸ"" diyince Ã¶zÃ¼r dileyerek tekrar Ã¶nceki cevaba dÃ¶nÃ¼yor. Yani dÃ¶nek ve yalaka! BeÅŸ para etmez, gÃ¼venilmez...
Oysa ki, DeepSeek Ã¶yle deÄŸil. Daha detaylÄ±, tatmin edici cevaplar veriyor ve asla yazdÄ±ÄŸÄ±nÄ± deÄŸiÅŸtirmiyor.",2025-01-31,@yasemintuna7293,0,none,0,Negatif
ChatGPT Her Åeyi NasÄ±l Bilebiliyor?,Evrim AÄŸacÄ±,2024-07-28,28655,0,Bu uygulama kodda yazabiliyor mu,2025-01-31,@ateseteknik621,0,none,0,Pozitif
ChatGPT Her Åeyi NasÄ±l Bilebiliyor?,Evrim AÄŸacÄ±,2024-07-28,28655,0,"HER ÅEYE YETKÄ°LÄ°.HÄ°Ã‡BÄ°R ÅEYDEN SORUMLU!  ----
Ekmek, su, aÅŸk bulmak gecikebilir,
Temele taÅŸ bulmak gecikebilir.
Devlete baÅŸ bulmak gecikebilir,
ADALET gecikmez! Tez verilmeli......------
ADALET mazlumu koruyamÄ±yor ise o adalet deÄŸil iÅŸkencedir.------
ADALETsizliÄŸin en bÃ¼yÃ¼ÄŸÃ¼, adil olmayÄ±p adil gibi olmaktÄ±r.------
ADALETin kÃ¼Ã§Ã¼ldÃ¼ÄŸÃ¼ Ã¼lkelerde bÃ¼yÃ¼k olan artÄ±k suÃ§lulardÄ±r.------
""Ä°nsanlÄ±ÄŸÄ±n gerÃ§ek dÃ¼ÅŸmanlarÄ±, yapmak istediklerini ADALET kisvesi altÄ±nda yapanlardÄ±r.""-----
NasÄ±l bel kemiÄŸi olmadan vÃ¼cut dik durmaz, ADALET olmadan o toplum ayakta duramaz, yÄ±kÄ±lmasÄ± mukadderdir!
EcdadÄ±mÄ±z adalet daÄŸÄ±tÄ±rken, bizler adalete muhtacÄ±z. ADALET, mÃ¼lkÃ¼n temelidir...------
Bir insanÄ±n ne kadar zalimleÅŸtiÄŸini merak ediyorsan HakkÄ±nÄ±zÄ± aramayÄ± deneyin...----
""ADALET her ÅŸeyi lÃ¢yÄ±k olduÄŸu yere koymaktÄ±r. AyakkabÄ± ayaÄŸÄ±n, kÃ¼lÃ¢h baÅŸÄ±ndÄ±r.""----
"" ADALET olmayÄ±nca devlet bÃ¼yÃ¼k bir Ã§eteden baÅŸka nedir ki ? ""-
HER ÅEYE YETKÄ°LÄ°.HÄ°Ã‡BÄ°R ÅEYDEN SORUMLU!----------",2025-01-30,@lazerkesim-t9f,0,none,0,Negatif
